[{"model": "sessions.session", "pk": "gh9sfwxed12n0mjz58i8alkqe5hed79m", "fields": {"session_data": ".eJxVjLkOwjAQRP_FNYrW5xpKJEpERW3t-lAikiDFpEL8O46UAso382beItD66sNa8xKGJE5CSnH4DZniI89bs2Htdq7dZaJhvC33ls405esz5fG8y38PPdW-zR1G5Jw4ooRSJLL3qD0qZZy3oEhFdgBSlWNhTQ2c0dE20QEZC1p8vltAOA8:1wc2EV:JfGVUoOYhKKW9K314r32TJBiz5Rnsvyc2MFGy0D4fK8", "expire_date": "2026-07-07T14:36:11.458Z"}}, {"model": "sessions.session", "pk": "kvl2jhg8x0r7pw1r2qe4kk3d5fksoq2m", "fields": {"session_data": ".eJxVjLkOwjAQRP_FNYrW5xpKJEpERW3t-lAikiDFpEL8O46UAso382beItD66sNa8xKGJE5CSnH4DZniI89bs2Htdq7dZaJhvC33ls405esz5fG8y38PPdW-zR1G5Jw4ooRSJLL3qD0qZZy3oEhFdgBSlWNhTQ2c0dE20QEZC1p8vltAOA8:1wc2ET:vBB01HflNLmmWT4LzM5yDp4mTEWWu2oMoaFFm13QB9Q", "expire_date": "2026-07-07T14:36:09.557Z"}}, {"model": "sessions.session", "pk": "p288z2iz3353dqagzurji8zlywfviwak", "fields": {"session_data": ".eJxVjDsOAiEUAO9CbQg_-Vjaewby4D1k1UCy7FbGuxuSLbSdmcybRdi3GvdBa1yQXZhkp1-WID-pTYEPaPfOc2_buiQ-E37YwW8d6XU92r9BhVHnFkgYMEDkNRhFmILLoXgM1mdQJQuP0mJ2ZwKntXJJGU2ChMVQpA7s8wUHQDhm:1waDgO:cdNpd4TuxJGlHZH_6GGK6CtKXpO463uk5moitosfuE0", "expire_date": "2026-07-02T14:25:28.448Z"}}, {"model": "users.user", "fields": {"password": "pbkdf2_sha256$1200000$WijnifrIhh1YSApen2lvel$ji+3XLgNR6RSveNYMOksFlViUnl2OhMzH1JCo3OY/w4=", "last_login": null, "is_superuser": false, "username": "test@gmail.com", "first_name": "test", "last_name": "", "email": "test@gmail.com", "is_staff": false, "is_active": true, "date_joined": "2026-06-18T15:08:21.769Z", "groups": [], "user_permissions": []}}, {"model": "users.user", "fields": {"password": "pbkdf2_sha256$1200000$idpHicPCQJKA8mrWoAzknj$eGBQl+h4rzv9TuYwUMG/BXsmpuSWKX3fDudD0EFQmEw=", "last_login": null, "is_superuser": false, "username": "mafaz9416@gmail.com", "first_name": "", "last_name": "", "email": "mafaz9416@gmail.com", "is_staff": false, "is_active": true, "date_joined": "2026-06-22T14:13:46.140Z", "groups": [], "user_permissions": []}}, {"model": "users.user", "fields": {"password": "pbkdf2_sha256$1200000$BpuqQuIoKRrEIQAFecIxR1$Nw3RF1Ko7wjpgzDBEk4yMVxuIeHk8cg5ZH4O8uc92mM=", "last_login": "2026-06-23T14:36:11.436Z", "is_superuser": true, "username": "mafaz_admin", "first_name": "", "last_name": "", "email": "mafaz_admin@gmail.com", "is_staff": true, "is_active": true, "date_joined": "2026-06-23T14:35:44.888Z", "groups": [], "user_permissions": []}}, {"model": "users.user", "fields": {"password": "pbkdf2_sha256$1200000$BgwtJTSDkXyteJBlxQe4qh$wiNyViPHw59YVziYWg0kzaHy/yahJ8e4oc/DmGPJoWM=", "last_login": null, "is_superuser": false, "username": "mafaz2020079416@gmail.com", "first_name": "", "last_name": "", "email": "mafaz2020079416@gmail.com", "is_staff": false, "is_active": true, "date_joined": "2026-06-23T14:37:02.022Z", "groups": [], "user_permissions": []}}, {"model": "users.user", "fields": {"password": "pbkdf2_sha256$1200000$LrOVenCXRUq9OHXBwG1e7S$RPy7tk2qy87EXucg0cYWEiPFMnu2gW8AvGBlt6CQQZc=", "last_login": null, "is_superuser": false, "username": "mafaz202007@gmail.com", "first_name": "", "last_name": "", "email": "mafaz202007@gmail.com", "is_staff": false, "is_active": true, "date_joined": "2026-06-23T14:37:20.984Z", "groups": [], "user_permissions": []}}, {"model": "users.user", "fields": {"password": "pbkdf2_sha256$1200000$S34m1fEL6T89kx7jRTyztt$GLSW1cKauDJh+uuvJfSq91L7SZMz66hiGa4eEEQcICA=", "last_login": null, "is_superuser": false, "username": "srivishnusri1404@gmail.com", "first_name": "", "last_name": "", "email": "srivishnusri1404@gmail.com", "is_staff": false, "is_active": true, "date_joined": "2026-06-23T15:15:15.391Z", "groups": [], "user_permissions": []}}, {"model": "users.userprofile", "pk": 1, "fields": {"user": ["test@gmail.com"], "full_name": "test", "avatar": "profiles/profile-banner.png", "bio": "hello this is for testing purpose"}}, {"model": "users.userprofile", "pk": 2, "fields": {"user": ["mafaz9416@gmail.com"], "full_name": "MOHAMMED MAFAZ", "avatar": "", "bio": ""}}, {"model": "users.userprofile", "pk": 6, "fields": {"user": ["mafaz_admin"], "full_name": "", "avatar": "", "bio": ""}}, {"model": "users.userprofile", "pk": 7, "fields": {"user": ["mafaz2020079416@gmail.com"], "full_name": "MOHAMMED MAFAZ", "avatar": "", "bio": ""}}, {"model": "users.userprofile", "pk": 8, "fields": {"user": ["mafaz202007@gmail.com"], "full_name": "MOHAMMED MAFAZ", "avatar": "", "bio": ""}}, {"model": "users.userprofile", "pk": 9, "fields": {"user": ["srivishnusri1404@gmail.com"], "full_name": "sri vishnu", "avatar": "", "bio": ""}}, {"model": "users.passwordresettoken", "pk": 1, "fields": {"user": ["mafaz9416@gmail.com"], "token": "30923bab2dc2468db18b78e7a27c80769490bea9746d46c8b7063e19cc95de6a", "created_at": "2026-06-23T14:15:09.613Z", "is_used": true}}, {"model": "users.passwordresettoken", "pk": 2, "fields": {"user": ["mafaz9416@gmail.com"], "token": "03362368acc140548865ee2654f0fce16ce129d693574cc8a320894939e949d2", "created_at": "2026-06-23T14:57:03.630Z", "is_used": true}}, {"model": "users.passwordresettoken", "pk": 3, "fields": {"user": ["mafaz9416@gmail.com"], "token": "91a1e1dbca8a441b94eb82b335b3c0b24dcc5f54785e49888adc56f17eb810ee", "created_at": "2026-06-23T14:57:31.090Z", "is_used": true}}, {"model": "users.passwordresettoken", "pk": 4, "fields": {"user": ["mafaz9416@gmail.com"], "token": "eabec97814614a578640b7c9bf27e3189e26c87e38c04126b145d0d3c73274ed", "created_at": "2026-06-23T14:57:54.496Z", "is_used": true}}, {"model": "users.passwordresettoken", "pk": 5, "fields": {"user": ["mafaz9416@gmail.com"], "token": "b82e0b2e62f0462a9540d6f00c2a846d0f44eff353f444519b6ee18cfa48441c", "created_at": "2026-06-23T15:00:24.290Z", "is_used": true}}, {"model": "users.passwordresettoken", "pk": 6, "fields": {"user": ["mafaz202007@gmail.com"], "token": "4ec9b22257324057ab4e8b79c95f70969fe86d3c5de84001b4e5b8beaa72ad59", "created_at": "2026-06-23T15:11:02.489Z", "is_used": false}}, {"model": "users.passwordresettoken", "pk": 7, "fields": {"user": ["mafaz202007@gmail.com"], "token": "b8fa90e9c572403bb74ea4f2500210c8f20687af2ece49cf97f96bcd257d07a2", "created_at": "2026-06-23T15:11:56.050Z", "is_used": false}}, {"model": "users.passwordresettoken", "pk": 8, "fields": {"user": ["mafaz9416@gmail.com"], "token": "1b95990743634db1824a07a95f099ece42b0c87ef1f940b787aa07df45f8e7ec", "created_at": "2026-06-23T15:12:14.510Z", "is_used": true}}, {"model": "skills.skill", "pk": 3, "fields": {"user": ["test@gmail.com"], "name": "Django", "color": "#44B78B", "target_tasks": 100, "created_at": "2026-06-18T15:18:47.731Z", "updated_at": "2026-06-18T15:18:47.731Z"}}, {"model": "skills.skill", "pk": 4, "fields": {"user": ["test@gmail.com"], "name": "Python", "color": "#3b82f6", "target_tasks": 10, "created_at": "2026-06-18T15:20:26.121Z", "updated_at": "2026-06-19T14:26:41.532Z"}}, {"model": "skills.skill", "pk": 6, "fields": {"user": ["test@gmail.com"], "name": "DRF", "color": "#f43f5e", "target_tasks": 25, "created_at": "2026-06-19T12:12:18.713Z", "updated_at": "2026-06-19T12:12:18.713Z"}}, {"model": "skills.skill", "pk": 7, "fields": {"user": ["test@gmail.com"], "name": "sta", "color": "#3b82f6", "target_tasks": 10, "created_at": "2026-06-21T13:29:52.066Z", "updated_at": "2026-06-21T13:29:52.066Z"}}, {"model": "skills.skill", "pk": 8, "fields": {"user": ["test@gmail.com"], "name": "sfa", "color": "#3b82f6", "target_tasks": 10, "created_at": "2026-06-21T13:29:55.541Z", "updated_at": "2026-06-21T13:29:55.541Z"}}, {"model": "skills.skill", "pk": 9, "fields": {"user": ["test@gmail.com"], "name": "afda", "color": "#3b82f6", "target_tasks": 10, "created_at": "2026-06-21T13:29:59.171Z", "updated_at": "2026-06-21T13:29:59.171Z"}}, {"model": "tasks.task", "pk": 7, "fields": {"user": ["test@gmail.com"], "skill": 4, "title": "Learn OOPS", "description": "", "status": "pending", "created_at": "2026-06-19T12:20:50.068Z", "updated_at": "2026-06-19T12:25:09.836Z"}}, {"model": "tasks.task", "pk": 8, "fields": {"user": ["test@gmail.com"], "skill": 6, "title": "Learn CRUD", "description": "for testing purpose", "status": "completed", "created_at": "2026-06-19T12:31:17.391Z", "updated_at": "2026-06-19T12:33:57.306Z"}}, {"model": "tasks.task", "pk": 9, "fields": {"user": ["test@gmail.com"], "skill": 3, "title": "test", "description": "testing the edit", "status": "completed", "created_at": "2026-06-19T12:41:22.668Z", "updated_at": "2026-06-19T12:42:53.287Z"}}, {"model": "tasks.task", "pk": 10, "fields": {"user": ["test@gmail.com"], "skill": 3, "title": "Pending Task for Testing", "description": null, "status": "pending", "created_at": "2026-06-19T13:39:51.588Z", "updated_at": "2026-06-19T13:39:51.588Z"}}, {"model": "tasks.task", "pk": 11, "fields": {"user": ["test@gmail.com"], "skill": 4, "title": "oop", "description": "lloping", "status": "completed", "created_at": "2026-06-21T13:09:41.992Z", "updated_at": "2026-06-21T13:09:41.992Z"}}, {"model": "tasks.task", "pk": 12, "fields": {"user": ["test@gmail.com"], "skill": 6, "title": "terst", "description": null, "status": "completed", "created_at": "2026-06-21T13:28:35.432Z", "updated_at": "2026-06-21T13:28:35.432Z"}}, {"model": "tasks.taskcompletion", "pk": 2, "fields": {"task": 8, "user": ["test@gmail.com"], "skill": 6, "completed_at": "2026-06-19T12:31:48.167Z", "completed_date": "2026-06-19"}}, {"model": "tasks.taskcompletion", "pk": 3, "fields": {"task": 8, "user": ["test@gmail.com"], "skill": 6, "completed_at": "2026-06-19T12:32:35.187Z", "completed_date": "2026-06-19"}}, {"model": "tasks.taskcompletion", "pk": 4, "fields": {"task": 8, "user": ["test@gmail.com"], "skill": 6, "completed_at": "2026-06-19T12:33:42.632Z", "completed_date": "2026-06-19"}}, {"model": "tasks.taskcompletion", "pk": 5, "fields": {"task": 8, "user": ["test@gmail.com"], "skill": 6, "completed_at": "2026-06-19T12:34:04.226Z", "completed_date": "2026-06-19"}}, {"model": "tasks.taskcompletion", "pk": 6, "fields": {"task": 9, "user": ["test@gmail.com"], "skill": 3, "completed_at": "2026-06-19T12:51:43.677Z", "completed_date": "2026-06-19"}}, {"model": "tasks.taskcompletion", "pk": 7, "fields": {"task": 10, "user": ["test@gmail.com"], "skill": 3, "completed_at": "2026-06-19T13:44:52.075Z", "completed_date": "2026-06-19"}}, {"model": "tasks.taskcompletion", "pk": 8, "fields": {"task": 10, "user": ["test@gmail.com"], "skill": 3, "completed_at": "2026-06-19T14:25:52.790Z", "completed_date": "2026-06-19"}}, {"model": "tasks.taskcompletion", "pk": 9, "fields": {"task": 7, "user": ["test@gmail.com"], "skill": 4, "completed_at": "2026-06-19T15:28:48.795Z", "completed_date": "2026-06-19"}}, {"model": "tasks.taskcompletion", "pk": 10, "fields": {"task": 8, "user": ["test@gmail.com"], "skill": 6, "completed_at": "2026-06-19T15:28:52.496Z", "completed_date": "2026-06-19"}}, {"model": "tasks.taskcompletion", "pk": 11, "fields": {"task": 9, "user": ["test@gmail.com"], "skill": 3, "completed_at": "2026-06-21T12:52:42.304Z", "completed_date": "2026-06-21"}}, {"model": "tasks.taskcompletion", "pk": 12, "fields": {"task": 9, "user": ["test@gmail.com"], "skill": 3, "completed_at": "2026-06-21T12:59:39.089Z", "completed_date": "2026-06-21"}}, {"model": "tasks.taskcompletion", "pk": 13, "fields": {"task": 9, "user": ["test@gmail.com"], "skill": 3, "completed_at": "2026-06-21T13:00:19.549Z", "completed_date": "2026-06-21"}}, {"model": "tasks.taskcompletion", "pk": 14, "fields": {"task": 7, "user": ["test@gmail.com"], "skill": 4, "completed_at": "2026-06-21T13:00:20.210Z", "completed_date": "2026-06-21"}}, {"model": "tasks.taskcompletion", "pk": 15, "fields": {"task": 9, "user": ["test@gmail.com"], "skill": 3, "completed_at": "2026-06-21T13:00:22.155Z", "completed_date": "2026-06-21"}}, {"model": "tasks.taskcompletion", "pk": 16, "fields": {"task": 7, "user": ["test@gmail.com"], "skill": 4, "completed_at": "2026-06-21T13:00:23.334Z", "completed_date": "2026-06-21"}}, {"model": "tasks.taskcompletion", "pk": 17, "fields": {"task": 11, "user": ["test@gmail.com"], "skill": 4, "completed_at": "2026-06-21T13:30:27.950Z", "completed_date": "2026-06-21"}}, {"model": "tasks.taskcompletion", "pk": 18, "fields": {"task": 9, "user": ["test@gmail.com"], "skill": 3, "completed_at": "2026-06-21T13:30:28.617Z", "completed_date": "2026-06-21"}}, {"model": "tasks.taskcompletion", "pk": 19, "fields": {"task": 12, "user": ["test@gmail.com"], "skill": 6, "completed_at": "2026-06-21T14:25:01.175Z", "completed_date": "2026-06-21"}}, {"model": "tasks.taskcompletion", "pk": 20, "fields": {"task": 9, "user": ["test@gmail.com"], "skill": 3, "completed_at": "2026-06-22T13:14:02.837Z", "completed_date": "2026-06-22"}}, {"model": "tasks.taskcompletion", "pk": 21, "fields": {"task": 10, "user": ["test@gmail.com"], "skill": 3, "completed_at": "2026-06-22T13:14:24.728Z", "completed_date": "2026-06-22"}}, {"model": "tasks.taskcompletion", "pk": 22, "fields": {"task": 8, "user": ["test@gmail.com"], "skill": 6, "completed_at": "2026-06-22T13:14:25.547Z", "completed_date": "2026-06-22"}}, {"model": "tasks.taskcompletion", "pk": 23, "fields": {"task": 7, "user": ["test@gmail.com"], "skill": 4, "completed_at": "2026-06-22T13:14:26.753Z", "completed_date": "2026-06-22"}}, {"model": "tasks.taskcompletion", "pk": 24, "fields": {"task": 8, "user": ["test@gmail.com"], "skill": 6, "completed_at": "2026-06-22T13:14:45.770Z", "completed_date": "2026-06-22"}}, {"model": "tasks.taskcompletion", "pk": 25, "fields": {"task": 12, "user": ["test@gmail.com"], "skill": 6, "completed_at": "2026-06-23T12:27:05.230Z", "completed_date": "2026-06-23"}}, {"model": "tasks.taskcompletion", "pk": 26, "fields": {"task": 12, "user": ["test@gmail.com"], "skill": 6, "completed_at": "2026-06-23T12:27:06.173Z", "completed_date": "2026-06-23"}}, {"model": "tasks.taskcompletion", "pk": 27, "fields": {"task": 12, "user": ["test@gmail.com"], "skill": 6, "completed_at": "2026-06-23T12:27:06.602Z", "completed_date": "2026-06-23"}}, {"model": "tasks.taskcompletion", "pk": 28, "fields": {"task": 12, "user": ["test@gmail.com"], "skill": 6, "completed_at": "2026-06-23T12:27:06.962Z", "completed_date": "2026-06-23"}}, {"model": "tasks.taskactivity", "pk": 1, "fields": {"task": 9, "user": ["test@gmail.com"], "action": "created", "created_at": "2026-06-19T12:41:22.695Z"}}, {"model": "tasks.taskactivity", "pk": 2, "fields": {"task": 9, "user": ["test@gmail.com"], "action": "updated", "created_at": "2026-06-19T12:41:46.303Z"}}, {"model": "tasks.taskactivity", "pk": 3, "fields": {"task": 9, "user": ["test@gmail.com"], "action": "updated", "created_at": "2026-06-19T12:41:57.775Z"}}, {"model": "tasks.taskactivity", "pk": 4, "fields": {"task": 9, "user": ["test@gmail.com"], "action": "reopened", "created_at": "2026-06-19T12:42:06.610Z"}}, {"model": "tasks.taskactivity", "pk": 5, "fields": {"task": 9, "user": ["test@gmail.com"], "action": "updated", "created_at": "2026-06-19T12:42:53.317Z"}}, {"model": "tasks.taskactivity", "pk": 6, "fields": {"task": 9, "user": ["test@gmail.com"], "action": "reopened", "created_at": "2026-06-19T12:51:38.915Z"}}, {"model": "tasks.taskactivity", "pk": 7, "fields": {"task": 9, "user": ["test@gmail.com"], "action": "completed", "created_at": "2026-06-19T12:51:43.645Z"}}, {"model": "tasks.taskactivity", "pk": 8, "fields": {"task": 10, "user": ["test@gmail.com"], "action": "completed", "created_at": "2026-06-19T13:44:52.049Z"}}, {"model": "tasks.taskactivity", "pk": 9, "fields": {"task": 10, "user": ["test@gmail.com"], "action": "reopened", "created_at": "2026-06-19T13:44:57.168Z"}}, {"model": "tasks.taskactivity", "pk": 10, "fields": {"task": 9, "user": ["test@gmail.com"], "action": "reopened", "created_at": "2026-06-19T13:44:58.989Z"}}, {"model": "tasks.taskactivity", "pk": 11, "fields": {"task": 10, "user": ["test@gmail.com"], "action": "completed", "created_at": "2026-06-19T14:25:52.751Z"}}, {"model": "tasks.taskactivity", "pk": 12, "fields": {"task": 7, "user": ["test@gmail.com"], "action": "reopened", "created_at": "2026-06-19T14:26:02.683Z"}}, {"model": "tasks.taskactivity", "pk": 13, "fields": {"task": 8, "user": ["test@gmail.com"], "action": "reopened", "created_at": "2026-06-19T14:26:04.111Z"}}, {"model": "tasks.taskactivity", "pk": 14, "fields": {"task": 7, "user": ["test@gmail.com"], "action": "completed", "created_at": "2026-06-19T15:28:48.776Z"}}, {"model": "tasks.taskactivity", "pk": 15, "fields": {"task": 8, "user": ["test@gmail.com"], "action": "completed", "created_at": "2026-06-19T15:28:52.463Z"}}, {"model": "tasks.taskactivity", "pk": 16, "fields": {"task": 9, "user": ["test@gmail.com"], "action": "completed", "created_at": "2026-06-21T12:52:42.282Z"}}, {"model": "tasks.taskactivity", "pk": 17, "fields": {"task": 9, "user": ["test@gmail.com"], "action": "reopened", "created_at": "2026-06-21T12:55:16.974Z"}}, {"model": "tasks.taskactivity", "pk": 18, "fields": {"task": 9, "user": ["test@gmail.com"], "action": "completed", "created_at": "2026-06-21T12:59:39.063Z"}}, {"model": "tasks.taskactivity", "pk": 19, "fields": {"task": 9, "user": ["test@gmail.com"], "action": "reopened", "created_at": "2026-06-21T12:59:56.706Z"}}, {"model": "tasks.taskactivity", "pk": 20, "fields": {"task": 7, "user": ["test@gmail.com"], "action": "reopened", "created_at": "2026-06-21T12:59:57.791Z"}}, {"model": "tasks.taskactivity", "pk": 21, "fields": {"task": 9, "user": ["test@gmail.com"], "action": "completed", "created_at": "2026-06-21T13:00:19.532Z"}}, {"model": "tasks.taskactivity", "pk": 22, "fields": {"task": 7, "user": ["test@gmail.com"], "action": "completed", "created_at": "2026-06-21T13:00:20.189Z"}}, {"model": "tasks.taskactivity", "pk": 23, "fields": {"task": 7, "user": ["test@gmail.com"], "action": "reopened", "created_at": "2026-06-21T13:00:20.722Z"}}, {"model": "tasks.taskactivity", "pk": 24, "fields": {"task": 9, "user": ["test@gmail.com"], "action": "reopened", "created_at": "2026-06-21T13:00:21.603Z"}}, {"model": "tasks.taskactivity", "pk": 25, "fields": {"task": 9, "user": ["test@gmail.com"], "action": "completed", "created_at": "2026-06-21T13:00:22.137Z"}}, {"model": "tasks.taskactivity", "pk": 26, "fields": {"task": 7, "user": ["test@gmail.com"], "action": "completed", "created_at": "2026-06-21T13:00:23.318Z"}}, {"model": "tasks.taskactivity", "pk": 27, "fields": {"task": 9, "user": ["test@gmail.com"], "action": "reopened", "created_at": "2026-06-21T13:00:29.345Z"}}, {"model": "tasks.taskactivity", "pk": 28, "fields": {"task": 7, "user": ["test@gmail.com"], "action": "reopened", "created_at": "2026-06-21T13:00:30.276Z"}}, {"model": "tasks.taskactivity", "pk": 29, "fields": {"task": 8, "user": ["test@gmail.com"], "action": "reopened", "created_at": "2026-06-21T13:09:07.244Z"}}, {"model": "tasks.taskactivity", "pk": 30, "fields": {"task": 10, "user": ["test@gmail.com"], "action": "reopened", "created_at": "2026-06-21T13:09:08.279Z"}}, {"model": "tasks.taskactivity", "pk": 31, "fields": {"task": 11, "user": ["test@gmail.com"], "action": "created", "created_at": "2026-06-21T13:09:42.007Z"}}, {"model": "tasks.taskactivity", "pk": 32, "fields": {"task": 12, "user": ["test@gmail.com"], "action": "created", "created_at": "2026-06-21T13:28:35.450Z"}}, {"model": "tasks.taskactivity", "pk": 33, "fields": {"task": 11, "user": ["test@gmail.com"], "action": "completed", "created_at": "2026-06-21T13:30:27.931Z"}}, {"model": "tasks.taskactivity", "pk": 34, "fields": {"task": 9, "user": ["test@gmail.com"], "action": "completed", "created_at": "2026-06-21T13:30:28.597Z"}}, {"model": "tasks.taskactivity", "pk": 35, "fields": {"task": 12, "user": ["test@gmail.com"], "action": "completed", "created_at": "2026-06-21T14:25:01.148Z"}}, {"model": "tasks.taskactivity", "pk": 36, "fields": {"task": 9, "user": ["test@gmail.com"], "action": "reopened", "created_at": "2026-06-22T11:40:48.627Z"}}, {"model": "tasks.taskactivity", "pk": 37, "fields": {"task": 9, "user": ["test@gmail.com"], "action": "completed", "created_at": "2026-06-22T13:14:02.817Z"}}, {"model": "tasks.taskactivity", "pk": 38, "fields": {"task": 10, "user": ["test@gmail.com"], "action": "completed", "created_at": "2026-06-22T13:14:24.703Z"}}, {"model": "tasks.taskactivity", "pk": 39, "fields": {"task": 8, "user": ["test@gmail.com"], "action": "completed", "created_at": "2026-06-22T13:14:25.526Z"}}, {"model": "tasks.taskactivity", "pk": 40, "fields": {"task": 7, "user": ["test@gmail.com"], "action": "completed", "created_at": "2026-06-22T13:14:26.734Z"}}, {"model": "tasks.taskactivity", "pk": 41, "fields": {"task": 12, "user": ["test@gmail.com"], "action": "reopened", "created_at": "2026-06-22T13:14:37.954Z"}}, {"model": "tasks.taskactivity", "pk": 42, "fields": {"task": 10, "user": ["test@gmail.com"], "action": "reopened", "created_at": "2026-06-22T13:14:38.867Z"}}, {"model": "tasks.taskactivity", "pk": 43, "fields": {"task": 8, "user": ["test@gmail.com"], "action": "reopened", "created_at": "2026-06-22T13:14:39.565Z"}}, {"model": "tasks.taskactivity", "pk": 44, "fields": {"task": 7, "user": ["test@gmail.com"], "action": "reopened", "created_at": "2026-06-22T13:14:43.947Z"}}, {"model": "tasks.taskactivity", "pk": 45, "fields": {"task": 8, "user": ["test@gmail.com"], "action": "completed", "created_at": "2026-06-22T13:14:45.753Z"}}, {"model": "tasks.taskactivity", "pk": 46, "fields": {"task": 12, "user": ["test@gmail.com"], "action": "completed", "created_at": "2026-06-23T12:27:05.204Z"}}, {"model": "tasks.taskactivity", "pk": 47, "fields": {"task": 12, "user": ["test@gmail.com"], "action": "reopened", "created_at": "2026-06-23T12:27:05.783Z"}}, {"model": "tasks.taskactivity", "pk": 48, "fields": {"task": 12, "user": ["test@gmail.com"], "action": "completed", "created_at": "2026-06-23T12:27:06.153Z"}}, {"model": "tasks.taskactivity", "pk": 49, "fields": {"task": 12, "user": ["test@gmail.com"], "action": "reopened", "created_at": "2026-06-23T12:27:06.345Z"}}, {"model": "tasks.taskactivity", "pk": 50, "fields": {"task": 12, "user": ["test@gmail.com"], "action": "completed", "created_at": "2026-06-23T12:27:06.584Z"}}, {"model": "tasks.taskactivity", "pk": 51, "fields": {"task": 12, "user": ["test@gmail.com"], "action": "reopened", "created_at": "2026-06-23T12:27:06.767Z"}}, {"model": "tasks.taskactivity", "pk": 52, "fields": {"task": 12, "user": ["test@gmail.com"], "action": "completed", "created_at": "2026-06-23T12:27:06.938Z"}}, {"model": "streaks.streak", "pk": 1, "fields": {"user": ["test@gmail.com"], "current_streak": 3, "longest_streak": 3, "last_active_date": "2026-06-23", "updated_at": "2026-06-18T15:08:23.093Z"}}, {"model": "streaks.streak", "pk": 6, "fields": {"user": ["mafaz9416@gmail.com"], "current_streak": 0, "longest_streak": 0, "last_active_date": null, "updated_at": "2026-06-22T14:13:48.778Z"}}, {"model": "streaks.streak", "pk": 10, "fields": {"user": ["mafaz_admin"], "current_streak": 0, "longest_streak": 0, "last_active_date": null, "updated_at": "2026-06-23T14:35:45.402Z"}}, {"model": "streaks.streak", "pk": 11, "fields": {"user": ["mafaz2020079416@gmail.com"], "current_streak": 0, "longest_streak": 0, "last_active_date": null, "updated_at": "2026-06-23T14:37:04.580Z"}}, {"model": "streaks.streak", "pk": 12, "fields": {"user": ["mafaz202007@gmail.com"], "current_streak": 0, "longest_streak": 0, "last_active_date": null, "updated_at": "2026-06-23T14:37:23.522Z"}}, {"model": "streaks.streak", "pk": 13, "fields": {"user": ["srivishnusri1404@gmail.com"], "current_streak": 0, "longest_streak": 0, "last_active_date": null, "updated_at": "2026-06-23T15:15:16.639Z"}}, {"model": "admin.logentry", "pk": 17, "fields": {"action_time": "2026-06-23T14:36:31.527Z", "user": ["mafaz_admin"], "content_type": ["users", "user"], "object_id": "9", "object_repr": "mafaz202007@gmail.com", "action_flag": 3, "change_message": ""}}, {"model": "admin.logentry", "pk": 18, "fields": {"action_time": "2026-06-23T14:36:31.527Z", "user": ["mafaz_admin"], "content_type": ["users", "user"], "object_id": "10", "object_repr": "srivishnusri1404@gmail.com", "action_flag": 3, "change_message": ""}}]
